dataset,method,mean_balanced_accuracy,std_balanced_accuracy
credit-g,default,0.6488095238095238,0.01816402964072443
credit-g,random,0.6695238095238094,0.009571310115353235
credit-g,smbo,0.675,0.0034503277967117894
credit-g,hyperband,0.6690476190476191,0.007860749532961526
breast-w,default,0.9566123188405797,0.008333333333333342
breast-w,random,0.9667572463768115,0.004067018898667358
breast-w,smbo,0.9656702898550724,0.0026624888508513466
breast-w,hyperband,0.9656702898550724,0.005542412514774773
phoneme,default,0.8985953061258195,0.005145600078767814
phoneme,random,0.8796051001701158,0.012076397951043176
phoneme,smbo,0.8879915602754884,0.001877104961262
phoneme,hyperband,0.8851796951128875,0.005916462734638038
Phishing_Legitimate_full,default,0.9797,0.0014352700094407197
Phishing_Legitimate_full,random,0.9702,0.0030099833886585107
Phishing_Legitimate_full,smbo,0.9692000000000001,0.003414674215792793
Phishing_Legitimate_full,hyperband,0.9705,0.002449489742783185
gas-drift,default,0.989648617542576,0.0007347889454826129
gas-drift,random,0.9842706526305907,0.0035605028184919623
gas-drift,smbo,0.9862898657278022,0.0019012215166440362
gas-drift,hyperband,0.9859413050749026,0.001668904681550478
gas-drift,foundation,0.9402438724080063,0.017924149008233647
