dataset,method,mean_balanced_accuracy,std_balanced_accuracy
credit-g,default,0.6488095238095238,0.01816402964072443
credit-g,random,0.6745238095238095,0.007626484465736664
credit-g,smbo,0.6830952380952381,0.014234033502509626
credit-g,hyperband,0.6802380952380952,0.020928016136519723
breast-w,default,0.9566123188405797,0.008333333333333342
breast-w,random,0.9721920289855073,0.002173913043478226
breast-w,smbo,0.9690217391304348,0.005216007264089847
breast-w,hyperband,0.9700181159420289,0.0043478260869565305
phoneme,default,0.8985953061258195,0.005145600078767814
phoneme,random,0.9012217781227806,0.006101952160309906
phoneme,smbo,0.8999591226650372,0.006813539338090841
phoneme,hyperband,0.900275405883033,0.005286437703478037
Phishing_Legitimate_full,default,0.9797,0.0014352700094407197
Phishing_Legitimate_full,random,0.9770999999999999,0.0009695359714832368
Phishing_Legitimate_full,smbo,0.9774,0.0008602325267042506
Phishing_Legitimate_full,hyperband,0.977,0.0011401754250991098
gas-drift,default,0.989648617542576,0.0007347889454826129
gas-drift,random,0.9896687286435137,0.001093979695018728
gas-drift,smbo,0.9881800239082248,0.0016544068321579588
gas-drift,hyperband,0.989919354460658,0.0010167342462703746
gas-drift,foundation,0.9402438724080063,0.017924149008233647
