dataset,method,mean_wall_clock_seconds,std_wall_clock_seconds
credit-g,default,0.2187052215449512,0.01516749572273001
credit-g,random,3.653918310441077,0.060163915731930355
credit-g,smbo,3.6309542359784244,0.1694362920301196
credit-g,hyperband,4.866295028012246,0.06675137731139717
breast-w,default,0.23539923327043652,0.05218670090969749
breast-w,random,3.4576789713464677,0.06389806600727982
breast-w,smbo,3.43148161387071,0.08823754392516575
breast-w,hyperband,4.604277643375099,0.0768635343897583
phoneme,default,0.22498669773340224,0.025807833523990895
phoneme,random,3.9690640459768476,0.10760965474564285
phoneme,smbo,4.004102646745741,0.06146104043363361
phoneme,hyperband,5.350411015283316,0.09840559058026403
Phishing_Legitimate_full,default,0.23755245031788946,0.014147114955277157
Phishing_Legitimate_full,random,3.2542110425420105,0.30460923328904704
Phishing_Legitimate_full,smbo,3.211969582270831,0.12737203500748426
Phishing_Legitimate_full,hyperband,4.808989500254393,0.16995357069526143
gas-drift,default,0.21362465359270572,0.003872321192021816
gas-drift,random,7.6564916736446325,1.3040617249679278
gas-drift,smbo,6.091800751537084,0.9064242044633756
gas-drift,hyperband,11.212304919864982,1.4216299982922853
gas-drift,foundation,252.8036555400002,12.553515011480975
